Root,3c37b6379a27e9f0b34c67644372e36ab12519efd6f6ce0db4efa63dcc9820a1
pi,0ab011608487eb840783e3b69ef1558063f8fd777ea3a49544defe4a6ae6359c
admin,c6e6c5c972bf7ec76c7bd640744d12354f74cffbda7803998e534c9e18fd4f89
root,b1e2cfddc498763bf9a08ed107ffd1b87eae5d24954cf7524de764792774b8cc
Adam,391a2bcc343f3e442f36130da0d38ca63fcedccb270a3e0a12936f73961296ae
support,16454cf26323363ba02efafe6f83c015a61f3b026cb5c7d15e7d2ed827dd011c
Unix,bd545ab60d35be8ea51be83fda4a5737f096cbc7654667a3d12a19fdcac232af
nokturnal,1fffecbdf294af6d21923a93f3025392eb89df3d77be9d84a926715656b22498
Ryzen,356ea39de7b1b3a3f2461d298ac99a9a8cad67205bebcc2bb1786035d185669c
user_043912,dc50819f8ef4cd220064988c422730518b42b541d891f3604ad5d8f4aadf77cd
